{
    "CT_sc": [
        [
            1,
            0,
            0
        ],
        [
            0,
            1,
            0
        ],
        [
            0,
            0,
            1
        ]
    ],
    "CT_bcc": [
        [
            0,
            1,
            1
        ],
        [
            1,
            0,
            1
        ],
        [
            1,
            1,
            0
        ]
    ],
    "CT_fcc": [
        [
            -1,
            1,
            1
        ],
        [
            1,
            -1,
            1
        ],
        [
            1,
            1,
            -1
        ]
    ],
    "sym_sc": [
        [
            0,
            0,
            0
        ],
        [
            3.141592653589793,
            0,
            0
        ],
        [
            3.141592653589793,
            3.141592653589793,
            0
        ],
        [
            3.141592653589793,
            3.141592653589793,
            3.141592653589793
        ],
        [
            0,
            0,
            0
        ]
    ],
    "sym_bcc": [
        [
            0,
            0,
            6.283185307179586
        ],
        [
            0,
            0,
            0
        ],
        [
            3.141592653589793,
            3.141592653589793,
            3.141592653589793
        ],
        [
            0,
            0,
            6.283185307179586
        ],
        [
            3.141592653589793,
            0,
            3.141592653589793
        ],
        [
            0,
            0,
            0
        ],
        [
            0,
            6.283185307179586,
            0
        ],
        [
            3.141592653589793,
            3.141592653589793,
            3.141592653589793
        ],
        [
            3.141592653589793,
            0,
            3.141592653589793
        ]
    ],
    "sym_fcc": [
        [
            0,
            6.283185307179586,
            0
        ],
        [
            1.5707963267948966,
            6.283185307179586,
            1.5707963267948966
        ],
        [
            3.141592653589793,
            3.141592653589793,
            3.141592653589793
        ],
        [
            0,
            0,
            0
        ],
        [
            0,
            6.283185307179586,
            0
        ],
        [
            3.141592653589793,
            6.283185307179586,
            0
        ],
        [
            4.71238898038469,
            4.71238898038469,
            0
        ]
    ]
}