{
    "pack_cmp_100": [
        68.0,
        522.8868455886841,
        13.745473623275757,
        38.04065686781858
    ],
    "pack_cmp_120": [
        70.0,
        972.1505439281464,
        24.230411529541016,
        40.12109091679803
    ],
    "pack_cmp_150": [
        72.0,
        1819.5540952682495,
        49.20356345176697,
        36.98012842203824
    ]
}