{
    "pack_cmp_100": [
        40.0,
        1171.5610857009888,
        11.325553178787231,
        103.44404968185779
    ],
    "pack_cmp_120": [
        35.0,
        1797.2623813152313,
        17.243983507156372,
        104.22547554451992
    ]
}